Country,Gold,Silver,Bronze,Total
China,132,92,65,289
Japan,75,56,74,205
"Korea, Rep.",49,58,70,177
Indonesia,31,24,43,98
Kazakhstan,15,17,44,76
Thailand,11,16,46,73
Uzbekistan,21,24,25,70
India,15,24,30,69
Chinese Taipei,17,19,31,67
Iran,20,20,22,62
"Hong Kong SAR, China",8,18,20,46
Vietnam,4,16,18,38
"Korea, Dem. People’s Rep.",12,12,13,37
Malaysia,7,13,16,36
Bahrain,12,7,7,26
Mongolia,5,9,11,25
Singapore,4,4,14,22
Philippines,4,2,15,21
Kyrgyzstan,2,6,12,20
United Arab Emirates,3,6,5,14
Qatar,6,4,3,13
Jordan,2,1,9,12
Tajikistan,0,4,3,7
Kuwait,3,1,2,6
Saudi Arabia,1,2,3,6
"Macao SAR, China",1,2,2,5
Lao PDR,0,2,3,5
Lebanon,1,1,2,4
Pakistan,0,0,4,4
Turkmenistan,0,1,2,3
Cambodia,2,0,1,3
Iraq,1,2,0,3
Afghanistan,0,0,2,2
Myanmar,0,0,2,2
Syria,0,0,1,1
Nepal,0,1,0,1