country,code,number-of-times-participated,total-gold-medals,total-silver-medals,total-bronze-medals,total-medals
Afghanistan,AFG,15,0,0,2,2
Algeria,ALG,14,5,4,8,17
Argentina,ARG,25,21,26,30,77
Armenia,ARM,7,2,8,8,18
Australasia,ANZ,2,3,4,5,12
Australia,AUS,27,164,173,210,547
Austria,AUT,28,19,34,41,94
Azerbaijan,AZE,7,7,14,28,49
Bahamas,BAH,17,8,2,6,16
Bahrain,BRN,10,2,2,0,4
Barbados,BAR,13,0,0,1,1
Belarus,BLR,7,13,30,42,85
Belgium,BEL,27,43,54,58,155
Bermuda,BER,19,1,0,1,2
Bohemia,BOH,3,0,1,3,4
Botswana,BOT,11,0,1,1,2
Brazil,BRA,23,37,42,71,150
British West Indies,BWI,1,0,0,2,2
Bulgaria,BUL,21,54,88,82,224
Burkina Faso,BUR,10,0,0,1,1
Burundi,BDI,7,1,1,0,2
Cameroon,CMR,15,3,1,2,6
Canada,CAN,27,71,108,147,326
Chile,CHI,24,2,7,4,13
China,CHN,11,262,199,173,634
Colombia,COL,20,5,13,16,34
Costa Rica,CRC,16,1,1,2,4
Ivory Coast,CIV,14,1,1,2,4
Croatia,CRO,8,14,13,14,41
Cuba,CUB,21,85,71,85,241
Cyprus,CYP,11,0,1,0,1
Czech Republic,CZE,7,19,21,27,67
Czechoslovakia,TCH,16,49,49,45,143
Denmark,DEN,28,48,78,79,205
Djibouti,DJI,9,0,0,1,1
Dominican Republic,DOM,15,3,5,4,12
Ecuador,ECU,15,3,2,0,5
Egypt,EGY,23,8,11,19,38
Eritrea,ERI,6,0,0,1,1
Estonia,EST,13,10,9,17,36
Ethiopia,ETH,14,23,12,23,58
Fiji,FIJ,15,2,0,1,3
Finland,FIN,26,101,85,119,305
France,FRA,29,222,254,274,750
Gabon,GAB,11,0,1,0,1
Georgia,GEO,7,10,12,18,40
Germany,GER,17,201,205,246,652
United Team of Germany,EUA,3,28,54,36,118
East Germany,GDR,5,153,129,127,409
West Germany,FRG,5,56,67,81,204
Ghana,GHA,15,0,1,4,5
Great Britain,GBR,29,285,316,315,916
Greece,GRE,29,35,45,41,121
Grenada,GRN,10,1,1,1,3
Guatemala,GUA,15,0,1,0,1
Guyana,GUY,18,0,0,1,1
Haiti,HAI,16,0,1,1,2
Hong Kong,HKG,17,2,3,4,9
Hungary,HUN,27,181,154,176,511
Iceland,ISL,21,0,2,2,4
India,IND,25,10,9,16,35
Indonesia,INA,16,8,14,15,37
Iran,IRI,17,24,23,29,76
Iraq,IRQ,15,0,0,1,1
Ireland,IRL,22,11,10,14,35
Israel,ISR,17,3,1,9,13
Italy,ITA,28,217,188,213,618
Jamaica,JAM,18,26,36,25,87
Japan,JPN,23,169,150,178,497
Jordan,JOR,11,1,1,1,3
Kazakhstan,KAZ,7,15,21,36,72
Kenya,KEN,15,35,42,36,113
Kosovo,KOS,2,3,0,0,3
North Korea,PRK,10,16,16,22,54
South Korea,KOR,18,96,91,100,287
Kuwait,KUW,13,0,0,3,3
Kyrgyzstan,KGZ,7,0,3,4,7
Latvia,LAT,12,4,11,6,21
Lebanon,LIB,18,0,2,2,4
Liechtenstein,LIE,18,0,0,0,0
Lithuania,LTU,10,6,7,13,26
Luxembourg,LUX,24,1,1,0,2
Malaysia,MAS,14,0,8,5,13
Mauritius,MRI,10,0,0,1,1
Mexico,MEX,24,13,24,36,73
Moldova,MDA,7,0,2,4,6
Mongolia,MGL,14,2,11,17,30
Montenegro,MNE,4,0,1,0,1
Morocco,MAR,15,7,5,12,24
Mozambique,MOZ,11,1,0,1,2
Namibia,NAM,8,0,5,0,5
Netherlands,NED,27,95,104,122,321
Netherlands Antilles,AHO,13,0,1,0,1
New Zealand,NZL,24,53,33,51,137
Niger,NIG,13,0,1,1,2
Nigeria,NGR,17,3,11,13,27
North Macedonia ,MKD,7,0,1,1,2
Norway,NOR,26,60,51,49,160
Pakistan,PAK,18,3,3,4,10
Panama,PAN,18,1,0,2,3
Paraguay,PAR,13,0,1,0,1
Peru,PER,19,1,3,0,4
Philippines,PHI,22,1,5,8,14
Poland,POL,22,72,89,137,298
Portugal,POR,25,5,9,14,28
Puerto Rico,PUR,19,2,2,6,10
Qatar,QAT,10,2,1,5,8
Romania,ROU,22,90,97,121,308
Russia,RUS,6,149,125,152,426
Russian Empire,RU1,3,1,4,3,8
Soviet Union,URS,9,395,319,296,"1,010"
Unified Team,EUN,1,45,38,29,112
Olympic Athletes from Russia,OAR,0,0,0,0,0
ROC,ROC,1,20,28,23,71
San Marino,SMR,16,0,1,2,3
Saudi Arabia,KSA,12,0,2,2,4
Samoa,SAM,10,0,1,0,1
Senegal,SEN,15,0,1,0,1
Serbia,SRB,5,6,7,11,24
Serbia and Montenegro,SCG,3,2,4,3,9
Singapore,SGP,17,1,2,2,5
Slovakia,SVK,7,10,14,8,32
Slovenia,SLO,8,8,9,11,28
South Africa,RSA,20,27,33,29,89
Spain,ESP,24,48,72,48,168
Sri Lanka,SRI,18,0,2,0,2
Sudan,SUD,13,0,1,0,1
Suriname,SUR,13,1,0,1,2
Sweden,SWE,28,148,176,179,503
Switzerland,SUI,29,53,79,73,205
Syria,SYR,14,1,1,2,4
Chinese Taipei,TPE,15,7,11,18,36
Tajikistan,TJK,7,1,1,2,4
Tanzania,TAN,14,0,2,0,2
Thailand,THA,17,10,8,17,35
Togo,TOG,11,0,0,1,1
Tonga,TGA,10,0,1,0,1
Trinidad and Tobago,TTO,18,3,5,11,19
Tunisia,TUN,15,5,3,7,15
Turkey,TUR,23,41,26,37,104
Turkmenistan,TKM,7,0,1,0,1
Uganda,UGA,16,4,4,3,11
Ukraine,UKR,7,35,36,68,139
United Arab Emirates,UAE,10,1,0,1,2
United States,USA,28,"1,075",846,752,"2,673"
Uruguay,URU,22,2,2,6,10
Uzbekistan,UZB,7,10,6,20,36
Venezuela,VEN,19,3,7,9,19
Vietnam,VIE,16,1,3,1,5
Virgin Islands,ISV,13,0,1,0,1
Yugoslavia,YUG,16,26,29,28,83
Zambia,ZAM,14,0,1,1,2
Zimbabwe,ZIM,14,3,4,1,8
